{"stats":{"minecraft:killed_by":{"minecraft:creeper":1,"minecraft:zombie":2},"minecraft:used":{"minecraft:wooden_pickaxe":8,"minecraft:stone_axe":31,"minecraft:dirt":3,"minecraft:crafting_table":2},"minecraft:custom":{"minecraft:time_since_rest":4336,"minecraft:sprint_one_cm":19338,"minecraft:damage_taken":865,"minecraft:walk_one_cm":16521,"minecraft:mob_kills":12,"minecraft:drop":1,"minecraft:damage_dealt":2132,"minecraft:fly_one_cm":24671,"minecraft:interact_with_crafting_table":4,"minecraft:open_chest":1,"minecraft:play_time":5630,"minecraft:deaths":3,"minecraft:sneak_time":1,"minecraft:jump":134,"minecraft:leave_game":1,"minecraft:time_since_death":4304,"minecraft:total_world_time":5630,"minecraft:fall_one_cm":3645},"minecraft:mined":{"minecraft:andesite":2,"minecraft:crafting_table":2,"minecraft:grass":25,"minecraft:acacia_log":6,"minecraft:grass_block":3,"minecraft:dirt":9,"minecraft:tall_grass":1,"minecraft:stone":6},"minecraft:dropped":{"minecraft:stick":2},"minecraft:killed":{"minecraft:sheep":1,"minecraft:zombie":1,"minecraft:pig":6,"minecraft:spider":2,"minecraft:iron_golem":1},"minecraft:picked_up":{"minecraft:stick":2,"minecraft:crafting_table":2,"minecraft:andesite":2,"minecraft:acacia_log":6,"minecraft:porkchop":13,"minecraft:spider_eye":1,"minecraft:dirt":20,"minecraft:string":3,"minecraft:rotten_flesh":2,"minecraft:wheat_seeds":5,"minecraft:iron_ingot":4,"minecraft:mutton":1,"minecraft:white_wool":1,"minecraft:cobblestone":6,"minecraft:egg":2},"minecraft:crafted":{"minecraft:shield":1,"minecraft:crafting_table":1,"minecraft:stick":8,"minecraft:wooden_pickaxe":1,"minecraft:stone_pickaxe":1,"minecraft:acacia_planks":24,"minecraft:stone_axe":1}},"DataVersion":3465}