{"stats":{"minecraft:picked_up":{"minecraft:wheat_seeds":1,"minecraft:dirt":3},"minecraft:used":{"minecraft:dirt":3},"minecraft:custom":{"minecraft:jump":60,"minecraft:time_since_rest":2297,"minecraft:leave_game":1,"minecraft:sprint_one_cm":3665,"minecraft:play_time":2297,"minecraft:damage_taken":24,"minecraft:time_since_death":2297,"minecraft:walk_one_cm":6431,"minecraft:total_world_time":2297,"minecraft:fall_one_cm":2415,"minecraft:fly_one_cm":9584},"minecraft:mined":{"minecraft:acacia_log":1,"minecraft:grass_block":3}},"DataVersion":3465}