{"stats":{"minecraft:picked_up":{"minecraft:raw_iron":4,"minecraft:crafting_table":3,"minecraft:chicken":1,"minecraft:pumpkin":10,"minecraft:leather":7,"minecraft:torch":2,"minecraft:wooden_pickaxe":1,"minecraft:acacia_log":13,"minecraft:porkchop":11,"minecraft:oak_log":5,"minecraft:spider_eye":1,"minecraft:dirt":3,"minecraft:rotten_flesh":3,"minecraft:wheat_seeds":2,"minecraft:hay_block":1,"minecraft:beef":11,"minecraft:gray_wool":1,"minecraft:sugar_cane":38,"minecraft:mutton":6,"minecraft:coal":32,"minecraft:white_wool":4,"minecraft:cobblestone":28,"minecraft:egg":1},"minecraft:used":{"minecraft:wooden_axe":18,"minecraft:bread":7,"minecraft:stone_pickaxe":62,"minecraft:wooden_pickaxe":4,"minecraft:torch":17,"minecraft:stone_axe":62,"minecraft:cobblestone":18,"minecraft:hay_block":1,"minecraft:crafting_table":3,"minecraft:spider_eye":1},"minecraft:crafted":{"minecraft:oak_planks":4,"minecraft:crafting_table":2,"minecraft:stick":16,"minecraft:wooden_pickaxe":1,"minecraft:stone_pickaxe":1,"minecraft:wooden_axe":2,"minecraft:torch":20,"minecraft:acacia_planks":32,"minecraft:stone_axe":1},"minecraft:killed_by":{"minecraft:skeleton":1},"minecraft:custom":{"minecraft:time_since_rest":23728,"minecraft:sprint_one_cm":85406,"minecraft:damage_taken":611,"minecraft:walk_one_cm":74788,"minecraft:mob_kills":23,"minecraft:drop":3,"minecraft:damage_dealt":3322,"minecraft:swim_one_cm":51461,"minecraft:talked_to_villager":1,"minecraft:interact_with_crafting_table":7,"minecraft:fly_one_cm":171421,"minecraft:open_chest":9,"minecraft:play_time":29439,"minecraft:deaths":1,"minecraft:sneak_time":5,"minecraft:walk_under_water_one_cm":3655,"minecraft:jump":994,"minecraft:interact_with_grindstone":1,"minecraft:time_since_death":23445,"minecraft:walk_on_water_one_cm":3951,"minecraft:total_world_time":29439,"minecraft:fall_one_cm":31713},"minecraft:killed":{"minecraft:sheep":5,"minecraft:pig":4,"minecraft:zombie":5,"minecraft:chicken":1,"minecraft:spider":1,"minecraft:cow":7},"minecraft:dropped":{"minecraft:wooden_axe":1,"minecraft:wooden_pickaxe":2},"minecraft:mined":{"minecraft:hay_block":1,"minecraft:iron_ore":4,"minecraft:pumpkin":11,"minecraft:torch":2,"minecraft:crafting_table":3,"minecraft:grass":17,"minecraft:acacia_log":13,"minecraft:grass_block":3,"minecraft:coal_ore":32,"minecraft:oak_log":5,"minecraft:tall_grass":5,"minecraft:stone":29,"minecraft:sugar_cane":16}},"DataVersion":3465}