{"stats":{"minecraft:picked_up":{"minecraft:crafting_table":1,"minecraft:rotten_flesh":2,"minecraft:leather":1,"minecraft:wheat_seeds":2,"minecraft:acacia_log":6,"minecraft:beef":3,"minecraft:gray_wool":1,"minecraft:mutton":2,"minecraft:white_wool":1},"minecraft:used":{"minecraft:wooden_axe":13,"minecraft:crafting_table":1},"minecraft:crafted":{"minecraft:acacia_planks":16,"minecraft:crafting_table":1,"minecraft:stick":4,"minecraft:wooden_axe":1},"minecraft:custom":{"minecraft:time_since_rest":5439,"minecraft:play_time":5439,"minecraft:sprint_one_cm":17716,"minecraft:damage_taken":160,"minecraft:walk_one_cm":9952,"minecraft:mob_kills":5,"minecraft:jump":200,"minecraft:damage_dealt":755,"minecraft:time_since_death":5439,"minecraft:total_world_time":5439,"minecraft:interact_with_crafting_table":2,"minecraft:fall_one_cm":7931,"minecraft:fly_one_cm":38719},"minecraft:killed":{"minecraft:sheep":2,"minecraft:zombie":2,"minecraft:cow":1},"minecraft:mined":{"minecraft:grass":7,"minecraft:acacia_log":6,"minecraft:crafting_table":1}},"DataVersion":3465}