{"stats":{"minecraft:picked_up":{"minecraft:crafting_table":3,"minecraft:chicken":1,"minecraft:leather":7,"minecraft:wooden_pickaxe":1,"minecraft:acacia_log":13,"minecraft:porkchop":2,"minecraft:oak_log":5,"minecraft:spider_eye":1,"minecraft:rotten_flesh":3,"minecraft:wheat_seeds":2,"minecraft:hay_block":1,"minecraft:beef":11,"minecraft:gray_wool":1,"minecraft:sugar_cane":31,"minecraft:mutton":6,"minecraft:coal":1,"minecraft:white_wool":4,"minecraft:cobblestone":19,"minecraft:egg":1},"minecraft:used":{"minecraft:wooden_axe":18,"minecraft:bread":6,"minecraft:stone_pickaxe":17,"minecraft:wooden_pickaxe":4,"minecraft:stone_axe":43,"minecraft:hay_block":1,"minecraft:crafting_table":3,"minecraft:spider_eye":1},"minecraft:crafted":{"minecraft:crafting_table":2,"minecraft:stick":12,"minecraft:wooden_pickaxe":1,"minecraft:stone_pickaxe":1,"minecraft:wooden_axe":2,"minecraft:acacia_planks":32,"minecraft:stone_axe":1},"minecraft:killed_by":{"minecraft:skeleton":1},"minecraft:custom":{"minecraft:time_since_rest":11728,"minecraft:sprint_one_cm":58609,"minecraft:damage_taken":471,"minecraft:walk_one_cm":47481,"minecraft:mob_kills":19,"minecraft:drop":3,"minecraft:damage_dealt":2776,"minecraft:swim_one_cm":5501,"minecraft:talked_to_villager":1,"minecraft:interact_with_crafting_table":7,"minecraft:fly_one_cm":119733,"minecraft:open_chest":9,"minecraft:play_time":17439,"minecraft:deaths":1,"minecraft:sneak_time":5,"minecraft:walk_under_water_one_cm":537,"minecraft:jump":600,"minecraft:interact_with_grindstone":1,"minecraft:time_since_death":11445,"minecraft:walk_on_water_one_cm":482,"minecraft:total_world_time":17439,"minecraft:fall_one_cm":19603},"minecraft:killed":{"minecraft:sheep":5,"minecraft:pig":1,"minecraft:zombie":4,"minecraft:chicken":1,"minecraft:spider":1,"minecraft:cow":7},"minecraft:dropped":{"minecraft:wooden_axe":1,"minecraft:wooden_pickaxe":2},"minecraft:mined":{"minecraft:hay_block":1,"minecraft:pumpkin":2,"minecraft:crafting_table":3,"minecraft:grass":13,"minecraft:acacia_log":13,"minecraft:coal_ore":1,"minecraft:oak_log":5,"minecraft:tall_grass":1,"minecraft:stone":20,"minecraft:sugar_cane":14}},"DataVersion":3465}