{"stats":{"minecraft:picked_up":{"minecraft:raw_iron":4,"minecraft:crafting_table":3,"minecraft:chicken":1,"minecraft:pumpkin":10,"minecraft:leather":7,"minecraft:torch":3,"minecraft:wooden_pickaxe":1,"minecraft:acacia_log":13,"minecraft:smoker":1,"minecraft:porkchop":17,"minecraft:oak_log":5,"minecraft:spider_eye":1,"minecraft:dirt":5,"minecraft:rotten_flesh":3,"minecraft:wheat_seeds":2,"minecraft:hay_block":1,"minecraft:beef":11,"minecraft:gray_wool":1,"minecraft:melon_slice":31,"minecraft:sugar_cane":38,"minecraft:mutton":12,"minecraft:coal":33,"minecraft:white_wool":7,"minecraft:cobblestone":28,"minecraft:egg":1},"minecraft:used":{"minecraft:wooden_axe":18,"minecraft:bread":18,"minecraft:stone_pickaxe":63,"minecraft:wooden_pickaxe":4,"minecraft:torch":39,"minecraft:stone_axe":78,"minecraft:cobblestone":22,"minecraft:hay_block":1,"minecraft:crafting_table":3,"minecraft:spider_eye":1},"minecraft:crafted":{"minecraft:oak_planks":4,"minecraft:cooked_porkchop":21,"minecraft:crafting_table":2,"minecraft:stick":20,"minecraft:wooden_pickaxe":1,"minecraft:stone_pickaxe":1,"minecraft:wooden_axe":2,"minecraft:torch":36,"minecraft:acacia_planks":32,"minecraft:stone_axe":1,"minecraft:cooked_mutton":13,"minecraft:air":0},"minecraft:killed_by":{"minecraft:skeleton":1},"minecraft:custom":{"minecraft:time_since_rest":39184,"minecraft:sprint_one_cm":150775,"minecraft:damage_taken":847,"minecraft:walk_one_cm":110366,"minecraft:mob_kills":29,"minecraft:drop":3,"minecraft:damage_dealt":4022,"minecraft:swim_one_cm":62482,"minecraft:talked_to_villager":1,"minecraft:interact_with_crafting_table":7,"minecraft:fly_one_cm":297120,"minecraft:crouch_one_cm":735,"minecraft:open_chest":11,"minecraft:play_time":44895,"minecraft:deaths":1,"minecraft:sneak_time":126,"minecraft:walk_under_water_one_cm":6071,"minecraft:jump":1513,"minecraft:interact_with_grindstone":1,"minecraft:leave_game":1,"minecraft:time_since_death":38901,"minecraft:walk_on_water_one_cm":6732,"minecraft:interact_with_smoker":11,"minecraft:total_world_time":44895,"minecraft:fall_one_cm":44252},"minecraft:killed":{"minecraft:sheep":9,"minecraft:pig":6,"minecraft:zombie":5,"minecraft:chicken":1,"minecraft:spider":1,"minecraft:cow":7},"minecraft:dropped":{"minecraft:wooden_axe":1,"minecraft:wooden_pickaxe":2},"minecraft:mined":{"minecraft:hay_block":1,"minecraft:iron_ore":4,"minecraft:smoker":1,"minecraft:pumpkin":11,"minecraft:torch":2,"minecraft:crafting_table":3,"minecraft:grass":19,"minecraft:acacia_log":13,"minecraft:grass_block":5,"minecraft:coal_ore":32,"minecraft:oak_log":5,"minecraft:melon":6,"minecraft:tall_grass":5,"minecraft:stone":29,"minecraft:sugar_cane":16}},"DataVersion":3465}