{"stats":{"minecraft:picked_up":{"minecraft:crafting_table":3,"minecraft:chicken":1,"minecraft:leather":7,"minecraft:wooden_pickaxe":1,"minecraft:smoker":1,"minecraft:oak_log":5,"minecraft:dirt":5,"minecraft:wheat_seeds":2,"minecraft:beef":11,"minecraft:poppy":2,"minecraft:melon_slice":31,"minecraft:sugar_cane":38,"minecraft:egg":1,"minecraft:raw_iron":4,"minecraft:pumpkin":10,"minecraft:torch":3,"minecraft:acacia_log":13,"minecraft:porkchop":17,"minecraft:spider_eye":1,"minecraft:rotten_flesh":3,"minecraft:hay_block":1,"minecraft:gray_wool":1,"minecraft:mutton":12,"minecraft:coal":33,"minecraft:white_wool":7,"minecraft:cobblestone":28},"minecraft:used":{"minecraft:stone_pickaxe":63,"minecraft:wooden_pickaxe":4,"minecraft:torch":39,"minecraft:crafting_table":3,"minecraft:spider_eye":1,"minecraft:wooden_axe":18,"minecraft:bread":18,"minecraft:stone_axe":79,"minecraft:cobblestone":22,"minecraft:hay_block":1},"minecraft:crafted":{"minecraft:oak_planks":4,"minecraft:cooked_porkchop":21,"minecraft:crafting_table":2,"minecraft:wooden_pickaxe":1,"minecraft:stone_axe":1,"minecraft:cooked_mutton":13,"minecraft:air":0,"minecraft:stick":20,"minecraft:stone_pickaxe":1,"minecraft:wooden_axe":2,"minecraft:acacia_planks":32,"minecraft:torch":36},"minecraft:killed_by":{"minecraft:skeleton":1},"minecraft:custom":{"minecraft:mob_kills":29,"minecraft:interact_with_crafting_table":7,"minecraft:bell_ring":11,"minecraft:interact_with_grindstone":1,"minecraft:leave_game":1,"minecraft:time_since_death":44161,"minecraft:time_since_rest":44444,"minecraft:sprint_one_cm":158075,"minecraft:damage_taken":847,"minecraft:walk_one_cm":118288,"minecraft:drop":5,"minecraft:damage_dealt":4022,"minecraft:swim_one_cm":62482,"minecraft:talked_to_villager":1,"minecraft:fly_one_cm":305377,"minecraft:open_chest":11,"minecraft:crouch_one_cm":832,"minecraft:play_time":50155,"minecraft:deaths":1,"minecraft:sneak_time":153,"minecraft:walk_under_water_one_cm":6071,"minecraft:jump":1556,"minecraft:walk_on_water_one_cm":6818,"minecraft:interact_with_smoker":11,"minecraft:total_world_time":50155,"minecraft:fall_one_cm":44937},"minecraft:killed":{"minecraft:pig":6,"minecraft:spider":1,"minecraft:sheep":9,"minecraft:zombie":5,"minecraft:chicken":1,"minecraft:cow":7},"minecraft:dropped":{"minecraft:poppy":2,"minecraft:wooden_axe":1,"minecraft:wooden_pickaxe":2},"minecraft:mined":{"minecraft:smoker":1,"minecraft:crafting_table":3,"minecraft:torch":2,"minecraft:acacia_log":13,"minecraft:grass_block":5,"minecraft:poppy":1,"minecraft:melon":6,"minecraft:tall_grass":5,"minecraft:sugar_cane":16,"minecraft:hay_block":1,"minecraft:iron_ore":4,"minecraft:pumpkin":11,"minecraft:grass":19,"minecraft:oak_log":5,"minecraft:coal_ore":32,"minecraft:stone":29}},"DataVersion":3465}