{"stats":{"minecraft:picked_up":{"minecraft:wheat_seeds":2,"minecraft:acacia_log":2},"minecraft:used":{"minecraft:crafting_table":1},"minecraft:crafted":{"minecraft:acacia_planks":8,"minecraft:crafting_table":2},"minecraft:custom":{"minecraft:time_since_rest":868,"minecraft:crouch_one_cm":539,"minecraft:play_time":868,"minecraft:sprint_one_cm":2735,"minecraft:damage_taken":30,"minecraft:walk_one_cm":1190,"minecraft:sneak_time":160,"minecraft:drop":1,"minecraft:jump":17,"minecraft:damage_dealt":24,"minecraft:time_since_death":868,"minecraft:total_world_time":868,"minecraft:interact_with_crafting_table":1,"minecraft:fall_one_cm":984,"minecraft:fly_one_cm":3494},"minecraft:dropped":{"minecraft:wheat_seeds":1},"minecraft:mined":{"minecraft:grass":6,"minecraft:acacia_log":1,"minecraft:oak_log":1,"minecraft:tall_grass":1}},"DataVersion":3465}